id,tweet,date,source,likes,retweets,length,sentiment
1121928494336880640,RT @ghdatascience: Keynote Address by Moustapha Cisse on Machine Learning and Artificial Intelligence-current state of research and applica‚Ä¶,2019-04-27 00:06:12,TweetDeck,0,11,140,-1
1121918370750844931,"RT @gamelmag: Final panel on diversity, inclusion, building careers, and creating opportunities in machine learning. @darlingtinho is part‚Ä¶",2019-04-26 23:25:58,Twitter for Android,0,0,139,0
1121917189592842246,RT @ghdatascience: Keynote Address by Moustapha Cisse on Machine Learning and Artificial Intelligence-current state of research and applica‚Ä¶,2019-04-26 23:21:16,Twitter for Android,0,11,140,-1
1121916319044124672,"RT @ghdatascience: Panel Discussion 
#AI
#deeplearning
#indabaxghana
#DataScience
#ghdatascience 
#googleAI 
#Google https://t.co/62hanOPxDz",2019-04-26 23:17:49,Twitter for Android,0,3,140,0
1121911767871963136,"RT @d4hio: RT @PyGhana: Machine Learning Applications in Health Care and Agro Systems¬†
By: Darlington Akogo

#Indabaxghana #indabaX #ghdata‚Ä¶",2019-04-26 22:59:44,Twitter for iPhone,0,5,140,0
1121911724746203136,"RT @dezye1693: Workshop about #Deeplearning Fundamentals-Architecture and applications by Kwadwo Agyepong-Ntra, from @MESTAfrica 
#ghdatasc‚Ä¶",2019-04-26 22:59:33,Twitter for iPhone,0,4,140,0
1121909467824758785,"RT @ghdatascience: Panel Discussion 
#AI
#deeplearning
#indabaxghana
#DataScience
#ghdatascience 
#googleAI 
#Google https://t.co/62hanOPxDz",2019-04-26 22:50:35,Twitter for Android,0,3,140,0
1121905369448632321,"RT @ghdatascience: Introduction of Robotics and its applications by Ayorkor Korsah, PhD at  #indabaxghana 2019

#DataScience
#ghdatascience‚Ä¶",2019-04-26 22:34:18,Twitter Web Client,0,9,140,0
1121901599335571459,"RT @PyGhana: A big thanks to all the speakers that made this event quite insightful and a huge success! 
Medaase!

@KayO_GH @DelaliAgbey @d‚Ä¶",2019-04-26 22:19:19,Twitter for Android,0,2,140,1
1121901339326517255,"RT @ghdatascience: Panel Discussion 
#AI
#deeplearning
#indabaxghana
#DataScience
#ghdatascience 
#googleAI 
#Google https://t.co/62hanOPxDz",2019-04-26 22:18:17,Twitter for Android,0,3,140,0
1121901086770642944,RT @GeoffreyGone: Day 2 of the @ghdatascience underway. Keynote address from Moustapha Cisse. #ghdatascience #indabaxghana https://t.co/Epu‚Ä¶,2019-04-26 22:17:17,Twitter for Android,0,2,140,0
1121900933041020929,"RT @dezye1693: ""#AMMI is the most selective Masters program in the world. "" Yann LeCun
@Moustapha_6C,  #AIMS #machinelearning #AI  @bacehq‚Ä¶",2019-04-26 22:16:41,Twitter for Android,0,3,139,1
1121900518752837632,"RT @bacehq: Samuel Sowah, CEO of @bacehq is one of the panelists for @ghdatascience .
This panel is focus on Diversity, Inclusion, building‚Ä¶",2019-04-26 22:15:02,Twitter for Android,0,1,140,0
1121895729117716482,"RT @Mickey_nova: Predictive Analytics in Healthcare:

Design is one of the most important aspect of a study and perhaps the most neglected.‚Ä¶",2019-04-26 21:56:00,Twitter Web Client,0,10,140,1
1121895687816392704,"RT @PyGhana: A big thanks to all the speakers that made this event quite insightful and a huge success! 
Medaase!

@KayO_GH @DelaliAgbey @d‚Ä¶",2019-04-26 21:55:50,Twitter for Android,0,2,140,1
1121894846795481091,RT @ghdatascience: Keynote Address by Moustapha Cisse on Machine Learning and Artificial Intelligence-current state of research and applica‚Ä¶,2019-04-26 21:52:29,Twitter for iPhone,0,11,140,-1
1121894788565995525,"RT @d4hio: RT @PyGhana: Machine Learning Applications in Health Care and Agro Systems¬†
By: Darlington Akogo

#Indabaxghana #indabaX #ghdata‚Ä¶",2019-04-26 21:52:16,Twitter Web App,0,5,140,0
1121893392483586049,"RT @Mickey_nova: Predictive Analytics in Healthcare:

Design is one of the most important aspect of a study and perhaps the most neglected.‚Ä¶",2019-04-26 21:46:43,Twitter for iPhone,0,10,140,1
1121892906904821761,RT @ghdatascience: Keynote Address by Moustapha Cisse on Machine Learning and Artificial Intelligence-current state of research and applica‚Ä¶,2019-04-26 21:44:47,Twitter Web Client,0,11,140,-1
1121892828014051329,"RT @Mickey_nova: Predictive Analytics in Healthcare:

Design is one of the most important aspect of a study and perhaps the most neglected.‚Ä¶",2019-04-26 21:44:28,Twitter Web Client,0,10,140,1
1121892787048390656,"RT @d4hio: RT @PyGhana: Machine Learning Applications in Health Care and Agro Systems¬†
By: Darlington Akogo

#Indabaxghana #indabaX #ghdata‚Ä¶",2019-04-26 21:44:18,Twitter Web Client,0,5,140,0
1121883540189323273,"RT @ghdatascience: Introduction of Robotics and its applications by Ayorkor Korsah, PhD at  #indabaxghana 2019

#DataScience
#ghdatascience‚Ä¶",2019-04-26 21:07:34,Twitter for Android,0,9,140,0
1121880458806083584,"RT @AsedaAD: @Moustapha_6C giving a keynote speech at the Ghana Data Science Summit (IndabaX Ghana)

#indabaxghana #ghdatascience https://t‚Ä¶",2019-04-26 20:55:19,Twitter for Android,0,4,140,0
1121873830685880320,RT @iotnetworkhub: #ghdatascience #indabaxghana Deep Learning Indaba-@DeepIndaba Google- @Google Microsoft-  @Microsoft Wave2Analytics-@Wav‚Ä¶,2019-04-26 20:28:59,Twitter for Android,0,7,140,0
1121854628239376385,"RT @maaddae: Mind blowing session -- deep learning fundamentals, architecture &amp; applications, with @KayO_GH 
#ghdatascience #indabaxghana #‚Ä¶",2019-04-26 19:12:41,Twitter for Android,0,3,144,0
1121844192681050117,"RT @dezye1693: Workshop about #Deeplearning Fundamentals-Architecture and applications by Kwadwo Agyepong-Ntra, from @MESTAfrica 
#ghdatasc‚Ä¶",2019-04-26 18:31:13,Twitter for Android,0,4,140,0
1121838640726978560,"A big thanks to all the speakers that made this event quite insightful and a huge success! 
Medaase!

@KayO_GH @DelaliAgbey @dataminergh @darlingtinho @AyorkorK @DaniCMBelg @shakir_za @Moustapha_6C @esquire_gh 

#indabaxghana #ghdatascience #indabaX https://t.co/VSu7aNOq49",2019-04-26 18:09:09,Twitter for Android,2,2,273,1
1121838057764925440,"Panel Discussion 
#AI
#deeplearning
#indabaxghana
#DataScience
#ghdatascience 
#googleAI 
#Google https://t.co/62hanOPxDz",2019-04-26 18:06:50,Twitter for Android,9,3,121,0
1121837855352008704,"RT @maaddae: Mind blowing session -- deep learning fundamentals, architecture &amp; applications, with @KayO_GH 
#ghdatascience #indabaxghana #‚Ä¶",2019-04-26 18:06:02,Twitter for Android,0,3,144,0
1121832877870784517,"Final panel on diversity, inclusion, building careers, and creating opportunities in machine learning. @darlingtinho is part of the panel. #ghdatascience #indabaxghana https://t.co/hE2zsJC1tx",2019-04-26 17:46:15,Twitter for Android,2,0,191,0
1121831508199772160,RT @dezye1693: Data analytics is transforming all aspects of lives globally. It's about time Ghana leverage on this --Winifred  Kotin from‚Ä¶,2019-04-26 17:40:48,Twitter for Android,0,9,139,0
1121831239009353729,"RT @ghdatascience: Still on Moustapha Cisse.
Talk on AI

#indabaxghana
#DataScience
#Summit2019
#ghdatascience https://t.co/eMzTHfQokg http‚Ä¶",2019-04-26 17:39:44,Twitter for Android,0,6,140,0
1121830881323364352,"RT @PlasmaDray: Job Creation Required skills:
1. Predictive Analytics
2. Artificial Intelligence
3. Machine Learning
4. Customer Insights
5‚Ä¶",2019-04-26 17:38:19,Twitter for Android,0,21,140,-1
1121826936878186496,"RT @d4hio: RT @PyGhana: Machine Learning Applications in Health Care and Agro Systems¬†
By: Darlington Akogo

#Indabaxghana #indabaX #ghdata‚Ä¶",2019-04-26 17:22:38,Twitter for iPhone,0,5,140,0
1121826849724751872,"RT @Mickey_nova: Predictive Analytics in Healthcare:

Design is one of the most important aspect of a study and perhaps the most neglected.‚Ä¶",2019-04-26 17:22:18,Twitter for iPhone,0,10,140,1
1121825784694439938,RT @ghdatascience: African governments urged to develop data driven policies to transform their economies at #ghdatascience #indabaxghana‚Ä¶,2019-04-26 17:18:04,Twitter for Android,0,3,138,0
1121825555907842049,"RT @PyGhana: Machine Learning in Real Life¬†
By: Richard Ackon

#indabaxghana #indabaX #ghdatascience https://t.co/2ISVVK2pl5",2019-04-26 17:17:09,Twitter for Android,0,7,124,1
1121825494822002688,"RT @PyGhana: Deep Learning Fundamentals -- Architectures and Applications¬†
By: Kwadwo Agyapon-Ntra

#indabaxghana #indabaX #ghdatascience h‚Ä¶",2019-04-26 17:16:55,Twitter for Android,0,8,140,0
1121825371928899584,"RT @PyGhana: Day 2/3:
GHANA DATA SCIENCE SUMMIT 2019

INDABAX GHANA

Theme: The Promise Of Data Science For Economic Transformation.
#Indab‚Ä¶",2019-04-26 17:16:25,Twitter for Android,0,5,140,1
1121825107385696256,#ghdatascience #indabaxghana #indaba2019  #bacegroup https://t.co/8JNfsta5kq,2019-04-26 17:15:22,Twitter for Android,3,0,76,0
1121825031603015681,"RT @dezye1693: @shakir_za  is introducing the statistical Machine learning and application.
#ghdatascience #bacegroup #machinelearning #AI‚Ä¶",2019-04-26 17:15:04,RTML,0,7,139,0
1121824926342709250,"RT @dezye1693: @shakir_za  is introducing the statistical Machine learning and application.
#ghdatascience #bacegroup #machinelearning #AI‚Ä¶",2019-04-26 17:14:39,Twitter for iPhone,0,7,139,0
1121824759422046209,"RT @PyGhana: Introduction to Statistical Machine Learning and applications - Shakir Mohamed, PhD

#indabaxghana #indabaX #ghdatascience htt‚Ä¶",2019-04-26 17:13:59,Twitter for Android,0,4,140,0
1121824728971399169,"RT @PyGhana: Deep Learning Fundamentals -- Architectures and Applications¬†
By: Kwadwo Agyapon-Ntra

#indabaxghana #indabaX #ghdatascience h‚Ä¶",2019-04-26 17:13:52,Twitter for Android,0,8,140,0
1121824701079330816,"RT @PyGhana: Machine Learning Applications in Health Care and Agro Systems¬†
By: Darlington Akogo

#Indabaxghana #indabaX #ghdatascience htt‚Ä¶",2019-04-26 17:13:45,Twitter for Android,0,5,140,0
1121824681823174657,"RT @Mickey_nova: Machine Learning in Real Life - Richard Ackon

Choosing #ML libraries and Frameworks
- Focus on people over tools
- Think‚Ä¶",2019-04-26 17:13:41,Twitter for Android,0,2,139,1
1121824666342055938,RT @ghdatascience: Keynote Address by Moustapha Cisse on Machine Learning and Artificial Intelligence-current state of research and applica‚Ä¶,2019-04-26 17:13:37,Twitter for Android,0,11,140,-1
1121824647471882240,"RT @ghdatascience: Introduction of Robotics and its applications by Ayorkor Korsah, PhD at  #indabaxghana 2019

#DataScience
#ghdatascience‚Ä¶",2019-04-26 17:13:33,Twitter for Android,0,9,140,0
1121824501241667586,"Samuel Sowah, CEO of @bacehq is one of the panelists for @ghdatascience .
This panel is focus on Diversity, Inclusion, building careers and  creating opportunities in #machinelearning 
#bacegroup #ghdatascience #AI #facialrecognition #indabaxghana #Indaba2019 #mestAfrica https://t.co/hbL2na3aON",2019-04-26 17:12:58,Twitter for Android,4,1,295,0
1121824317610835969,"RT @PyGhana: Deep Learning Fundamentals -- Architectures and Applications¬†
By: Kwadwo Agyapon-Ntra

#indabaxghana #indabaX #ghdatascience h‚Ä¶",2019-04-26 17:12:14,Twitter Web Client,0,8,140,0
1121824226468560898,"RT @PyGhana: Machine Learning in Real Life¬†
By: Richard Ackon

#indabaxghana #indabaX #ghdatascience https://t.co/2ISVVK2pl5",2019-04-26 17:11:52,Santchi App,0,7,124,1
1121824146063859712,"RT @PyGhana: Machine Learning in Real Life¬†
By: Richard Ackon

#indabaxghana #indabaX #ghdatascience https://t.co/2ISVVK2pl5",2019-04-26 17:11:33,Twitter Web Client,0,7,124,1
1121824138144960515,"RT @PyGhana: Machine Learning Applications in Health Care and Agro Systems¬†
By: Darlington Akogo

#Indabaxghana #indabaX #ghdatascience https://t.co/ZuIaXDIWjX",2019-04-26 17:11:31,IFTTT,11,5,159,0
1121823877548728320,"RT @PyGhana: Machine Learning in Real Life¬†
By: Richard Ackon

#indabaxghana #indabaX #ghdatascience https://t.co/2ISVVK2pl5",2019-04-26 17:10:29,Twitter for Android,0,7,124,1
1121822728917540864,RT @ghdatascience: Keynote Address by Moustapha Cisse on Machine Learning and Artificial Intelligence-current state of research and applica‚Ä¶,2019-04-26 17:05:55,Twitter Web Client,0,11,140,-1
1121822674039209984,"RT @Mickey_nova: Machine Learning in Real Life - Richard Ackon

Choosing #ML libraries and Frameworks
- Focus on people over tools
- Think‚Ä¶",2019-04-26 17:05:42,Twitter for Android,0,2,139,1
1121822512176861184,"RT @dezye1693: @shakir_za  is introducing the statistical Machine learning and application.
#ghdatascience #bacegroup #machinelearning #AI‚Ä¶",2019-04-26 17:05:04,Twitter for iPhone,0,7,139,0
1121822418811662336,"RT @PyGhana: Introduction to Robotics and its applications¬†
By: Dr. Ayorkor Korsah

#indabaxghana #indabaX #ghdatascience https://t.co/yzof‚Ä¶",2019-04-26 17:04:41,Twitter for Android,0,3,140,0
1121822250183864321,"RT @PyGhana: Machine Learning in Real Life¬†
By: Richard Ackon

#indabaxghana #indabaX #ghdatascience https://t.co/2ISVVK2pl5",2019-04-26 17:04:01,Twitter for Android,0,7,124,1
1121822183154749440,"RT @ghdatascience: Introduction of Robotics and its applications by Ayorkor Korsah, PhD at  #indabaxghana 2019

#DataScience
#ghdatascience‚Ä¶",2019-04-26 17:03:45,Twitter for iPhone,0,9,140,0
1121822037390106625,RT @ghdatascience: Keynote Address by Moustapha Cisse on Machine Learning and Artificial Intelligence-current state of research and applica‚Ä¶,2019-04-26 17:03:10,Twitter for iPhone,0,11,140,-1
1121821909476421632,#indabaxghana #ghdatascience @AsedaAD https://t.co/mMDj43fWZy,2019-04-26 17:02:40,Twitter for Android,2,0,61,0
1121821790383288321,#indabaxghana #ghdatascience @Moustapha_6C https://t.co/Fb08I2rdpn,2019-04-26 17:02:11,Twitter for Android,0,0,66,0
1121821522769907713,@PyGhana @KayO_GH #indabaxghana #ghdatascience https://t.co/5Vjv0aKDVv,2019-04-26 17:01:08,Twitter for Android,0,0,70,0
1121820250436251648,"Machine Learning in Real Life - Richard Ackon

Choosing #ML libraries and Frameworks
- Focus on people over tools
- Think of stability in production
- If you're still tied, follow the crowd :)

#indabaxghana #indabaX #ghdatascience https://t.co/L9jbacX5rC",2019-04-26 16:56:04,Twitter for Android,10,2,255,1
1121819125553221632,RT @gamelmag: How to we organise society such that every child has the opportunity to perform jobs that are more suitable to humans - Dr Ay‚Ä¶,2019-04-26 16:51:36,Twitter for Android,0,2,140,1
1121819102429843456,"RT @gamelmag: Dr Ayorkor Korsah of @Ashesi speaks on #robotics, its applications, AI, and technology education in #Africa #ghdatascience #i‚Ä¶",2019-04-26 16:51:31,Twitter for Android,0,2,140,0
1121819072444944384,RT @gamelmag: .@darlingtinho shares on how #AI can be applied to tackle challenges in #health and #agriculture in #Africa. #ghdatascience #‚Ä¶,2019-04-26 16:51:23,Twitter for Android,0,4,140,0
1121818144740392961,"RT @PyGhana: Machine Learning Applications in Health Care and Agro Systems¬†
By: Darlington Akogo

#Indabaxghana #indabaX #ghdatascience htt‚Ä¶",2019-04-26 16:47:42,Twitter for Android,0,5,140,0
1121818089643966464,"RT @PyGhana: Machine Learning in Real Life¬†
By: Richard Ackon

#indabaxghana #indabaX #ghdatascience https://t.co/2ISVVK2pl5",2019-04-26 16:47:29,Twitter for Android,0,7,124,1
1121817293938405376,"RT @PyGhana: Machine Learning in Real Life¬†
By: Richard Ackon

#indabaxghana #indabaX #ghdatascience https://t.co/2ISVVK2pl5",2019-04-26 16:44:19,Twitter for Android,0,7,124,1
1121815875546439681,"Machine Learning in Real Life¬†
By: Richard Ackon

#indabaxghana #indabaX #ghdatascience https://t.co/2ISVVK2pl5",2019-04-26 16:38:41,Twitter for Android,13,7,111,1
1121813701286342656,"RT @dezye1693: Predicting properties of molecules,  #AIMS #machinelearning #AI  @bacehq
 @GoogleAI @ghdatascience #ghdatascience #indabaX #‚Ä¶",2019-04-26 16:30:03,Twitter for iPhone,0,1,140,0
1121811517031297024,"RT @PyGhana: Deep Learning Fundamentals -- Architectures and Applications¬†
By: Kwadwo Agyapon-Ntra

#indabaxghana #indabaX #ghdatascience h‚Ä¶",2019-04-26 16:21:22,Twitter for Android,0,8,140,0
1121811288823410688,"RT @maaddae: Mind blowing session -- deep learning fundamentals, architecture &amp; applications, with @KayO_GH 
#ghdatascience #indabaxghana #‚Ä¶",2019-04-26 16:20:28,Data NVS,0,3,144,0
1121810589280624642,"Mind blowing session -- deep learning fundamentals, architecture &amp; applications, with @KayO_GH 
#ghdatascience #indabaxghana #datascience https://t.co/X2QQC7mzNy",2019-04-26 16:17:41,Twitter for Android,1,3,165,0
1121808378832064512,"RT @PyGhana: Deep Learning Fundamentals -- Architectures and Applications¬†
By: Kwadwo Agyapon-Ntra

#indabaxghana #indabaX #ghdatascience h‚Ä¶",2019-04-26 16:08:54,Twitter for Android,0,8,140,0
1121804829620359168,"RT @PyGhana: Deep Learning Fundamentals -- Architectures and Applications¬†
By: Kwadwo Agyapon-Ntra

#indabaxghana #indabaX #ghdatascience h‚Ä¶",2019-04-26 15:54:48,Twitter for Android,0,8,140,0
1121804823794524160,"RT @PyGhana: Machine Learning Applications in Health Care and Agro Systems¬†
By: Darlington Akogo

#Indabaxghana #indabaX #ghdatascience htt‚Ä¶",2019-04-26 15:54:46,Twitter for Android,0,5,140,0
1121802153553801217,"RT @PyGhana: Machine Learning Applications in Health Care and Agro Systems¬†
By: Darlington Akogo

#Indabaxghana #indabaX #ghdatascience htt‚Ä¶",2019-04-26 15:44:10,Twitter for Android,0,5,140,0
1121797264551211008,"RT @PyGhana: Machine Learning Applications in Health Care and Agro Systems¬†
By: Darlington Akogo

#Indabaxghana #indabaX #ghdatascience htt‚Ä¶",2019-04-26 15:24:44,Santchi App,0,5,140,0
1121797151955111939,"Machine Learning Applications in Health Care and Agro Systems¬†
By: Darlington Akogo

#Indabaxghana #indabaX #ghdatascience https://t.co/wUp09Ev3t1",2019-04-26 15:24:17,Twitter for Android,10,5,146,0
1121796524575350785,"RT @dezye1693: The last words from Kwadwo, ""Go deep or go home"" üòâ @KayO_GH
#ghdatascience #machinelearning #AI #bacegroup #indabaX #indabaX‚Ä¶",2019-04-26 15:21:48,Twitter for Android,0,2,141,0
1121796523551932416,RT @ghdatascience: Keynote Address by Moustapha Cisse on Machine Learning and Artificial Intelligence-current state of research and applica‚Ä¶,2019-04-26 15:21:47,Twitter for Android,0,11,140,-1
1121796442744442880,"RT @ghdatascience: Introduction of Robotics and its applications by Ayorkor Korsah, PhD at  #indabaxghana 2019

#DataScience
#ghdatascience‚Ä¶",2019-04-26 15:21:28,Twitter for Android,0,9,140,0
1121796416056090626,"RT @PyGhana: Deep Learning Fundamentals -- Architectures and Applications¬†
By: Kwadwo Agyapon-Ntra

#indabaxghana #indabaX #ghdatascience h‚Ä¶",2019-04-26 15:21:22,Twitter for Android,0,8,140,0
1121794715853082629,RT @gamelmag: .@darlingtinho shares on how #AI can be applied to tackle challenges in #health and #agriculture in #Africa. #ghdatascience #‚Ä¶,2019-04-26 15:14:36,Twitter for Android,0,4,140,0
1121793771123818497,RT @gamelmag: .@darlingtinho shares on how #AI can be applied to tackle challenges in #health and #agriculture in #Africa. #ghdatascience #‚Ä¶,2019-04-26 15:10:51,Calcaware,0,4,140,0
1121793673262297090,RT @gamelmag: .@darlingtinho shares on how #AI can be applied to tackle challenges in #health and #agriculture in #Africa. #ghdatascience #‚Ä¶,2019-04-26 15:10:28,Twitter for Android,0,4,140,0
1121790834813194242,.@darlingtinho shares on how #AI can be applied to tackle challenges in #health and #agriculture in #Africa. #ghdatascience #indabaxghana https://t.co/ilPqgVIPFK,2019-04-26 14:59:11,Twitter for Android,3,4,161,0
1121789548059447300,"Dr Ayorkor Korsah of @Ashesi speaks on #robotics, its applications, AI, and technology education in #Africa #ghdatascience #indabaxghana https://t.co/tMSJSXgErG",2019-04-26 14:54:04,Twitter for Android,3,2,160,0
1121788923179520000,"Its time for a talk on ""Applications of machine learning in healthcare"" by Darlington Akogo of @minoHealth
#ghdatascience #indabaxghana",2019-04-26 14:51:35,Twitter for Android,0,0,135,0
1121788634523258880,"RT @dezye1693: @shakir_za  is introducing the statistical Machine learning and application.
#ghdatascience #bacegroup #machinelearning #AI‚Ä¶",2019-04-26 14:50:26,Twitter for Android,0,7,139,0
1121788249163403264,"RT @PlasmaDray: Job Creation Required skills:
1. Predictive Analytics
2. Artificial Intelligence
3. Machine Learning
4. Customer Insights
5‚Ä¶",2019-04-26 14:48:55,Twitter Web Client,0,21,140,-1
1121788213608108032,"RT @maaddae: Go deep or go home! 
#ghdatascience #indabaxghana #datascience #DeepLearning",2019-04-26 14:48:46,Twitter for Android,0,1,89,0
1121783679683055618,"RT @dezye1693: @shakir_za  is introducing the statistical Machine learning and application.
#ghdatascience #bacegroup #machinelearning #AI‚Ä¶",2019-04-26 14:30:45,Twitter Web Client,0,7,139,0
1121783112730587137,"RT @PyGhana: Deep Learning Fundamentals -- Architectures and Applications¬†
By: Kwadwo Agyapon-Ntra

#indabaxghana #indabaX #ghdatascience h‚Ä¶",2019-04-26 14:28:30,Twitter Web Client,0,8,140,0
1121783047962099713,"RT @PyGhana: Introduction to Robotics and its applications¬†
By: Dr. Ayorkor Korsah

#indabaxghana #indabaX #ghdatascience https://t.co/yzof‚Ä¶",2019-04-26 14:28:15,Twitter Web Client,0,3,140,0
1121782975514009600,RT @ghdatascience: African governments urged to develop data driven policies to transform their economies at #ghdatascience #indabaxghana‚Ä¶,2019-04-26 14:27:57,Twitter Web Client,0,3,138,0
1121781951994695687,"RT @dezye1693: Some opportunities created in collaboration with local ecosystem to improve AI education in Africa...
@Moustapha_6C,  #AIMS‚Ä¶",2019-04-26 14:23:53,Twitter Web Client,0,3,139,0
1121780776033558530,RT @ghdatascience: Keynote Address by Moustapha Cisse on Machine Learning and Artificial Intelligence-current state of research and applica‚Ä¶,2019-04-26 14:19:13,Santchi App,0,11,140,-1
1121780762238509056,"Deep Learning Fundamentals -- Architectures and Applications¬†
By: Kwadwo Agyapon-Ntra

#indabaxghana #indabaX #ghdatascience https://t.co/FWvCbjie64",2019-04-26 14:19:10,Twitter for Android,8,8,148,0
1121780699583995905,RT @ghdatascience: Keynote Address by Moustapha Cisse on Machine Learning and Artificial Intelligence-current state of research and applica‚Ä¶,2019-04-26 14:18:55,Twitter for Android,0,11,140,-1
1121780699231604736,"African governments urged to develop data driven policies to transform their economies at #ghdatascience #indabaxghana 
@PyGhana @Google @Microsoft
@DeepIndaba @DelaliAgbey
@NAkufoAddo 

https://t.co/CsHFDOHmos",2019-04-26 14:18:55,Twitter for Android,7,3,210,0
1121780429835706369,"RT @ghdatascience: Introduction of Robotics and its applications by Ayorkor Korsah, PhD at  #indabaxghana 2019

#DataScience
#ghdatascience‚Ä¶",2019-04-26 14:17:50,Twitter for Android,0,9,140,0
1121780061034766336,"RT @dezye1693: With #machinelearning , we can predict the Mortality risk  24 hours in advance, giving more time to doctors to take action a‚Ä¶",2019-04-26 14:16:22,Twitter Web Client,0,3,140,1
1121780002809421825,"RT @dezye1693: The last words from Kwadwo, ""Go deep or go home"" üòâ @KayO_GH
#ghdatascience #machinelearning #AI #bacegroup #indabaX #indabaX‚Ä¶",2019-04-26 14:16:08,"Twitter bot, saroj humagain",0,2,141,0
1121779689209700352,"The last words from Kwadwo, ""Go deep or go home"" üòâ @KayO_GH
#ghdatascience #machinelearning #AI #bacegroup #indabaX #indabaXghana #technology #mestpower #mestafrica https://t.co/X2bikEiRGd",2019-04-26 14:14:54,Twitter for Android,4,2,189,0
1121779082939727873,"RT @PyGhana: Introduction to Statistical Machine Learning and applications - Shakir Mohamed, PhD

#indabaxghana #indabaX #ghdatascience htt‚Ä¶",2019-04-26 14:12:29,Twitter for Android,0,4,140,0
1121778993508831234,"RT @dezye1693: @shakir_za  is introducing the statistical Machine learning and application.
#ghdatascience #bacegroup #machinelearning #AI‚Ä¶",2019-04-26 14:12:08,Twitter for Android,0,7,139,0
1121778980753948673,"RT @dezye1693: We can have 2 streams of machine learning: Deep learning and Bayesian reasonings.
@shakir_za  
#ghdatascience #bacegroup #ma‚Ä¶",2019-04-26 14:12:05,Twitter for Android,0,1,140,0
1121778965125959681,"Go deep or go home! 
#ghdatascience #indabaxghana #datascience #DeepLearning",2019-04-26 14:12:01,Twitter for Android,4,1,76,0
1121778625555181568,"RT @PyGhana: Introduction to Robotics and its applications¬†
By: Dr. Ayorkor Korsah

#indabaxghana #indabaX #ghdatascience https://t.co/yzof‚Ä¶",2019-04-26 14:10:40,Twitter for Android,0,3,140,0
1121778365445410817,"@KayO_GH concluded by saying: Go deep or Go home!
#indabaxghana
#DataScience
#ghdatascience",2019-04-26 14:09:38,TweetDeck,0,0,91,0
1121776419959451648,"RT @PyGhana: Day 2/3:
GHANA DATA SCIENCE SUMMIT 2019

INDABAX GHANA

Theme: The Promise Of Data Science For Economic Transformation.
#Indab‚Ä¶",2019-04-26 14:01:54,Twitter for iPhone,0,5,140,1
1121774409881092096,"RT @ghdatascience: Introduction of Robotics and its applications by Ayorkor Korsah, PhD at  #indabaxghana 2019

#DataScience
#ghdatascience‚Ä¶",2019-04-26 13:53:55,Twitter Web App,0,9,140,0
1121773985287540738,"RT @dezye1693: Workshop about #Deeplearning Fundamentals-Architecture and applications by Kwadwo Agyepong-Ntra, from @MESTAfrica 
#ghdatasc‚Ä¶",2019-04-26 13:52:14,Twitter for Android,0,4,140,0
1121773883454119937,"RT @ghdatascience: Introduction of Robotics and its applications by Ayorkor Korsah, PhD at  #indabaxghana 2019

#DataScience
#ghdatascience‚Ä¶",2019-04-26 13:51:50,Twitter for Android,0,9,140,0
1121773699965829120,RT @ghdatascience: Keynote Address by Moustapha Cisse on Machine Learning and Artificial Intelligence-current state of research and applica‚Ä¶,2019-04-26 13:51:06,Twitter for Android,0,11,140,-1
1121771903897743361,RT @gamelmag: How to we organise society such that every child has the opportunity to perform jobs that are more suitable to humans - Dr Ay‚Ä¶,2019-04-26 13:43:58,Twitter Web Client,0,2,140,1
1121771761886953473,"RT @dezye1693: Workshop about #Deeplearning Fundamentals-Architecture and applications by Kwadwo Agyepong-Ntra, from @MESTAfrica 
#ghdatasc‚Ä¶",2019-04-26 13:43:24,Twitter for Android,0,4,140,0
1121770890591653888,"Workshop about #Deeplearning Fundamentals-Architecture and applications by Kwadwo Agyepong-Ntra, from @MESTAfrica 
#ghdatascience #indabaxghana #bacegroup #AI #machinelearning https://t.co/64vjAL0zmy",2019-04-26 13:39:56,Twitter for Android,22,4,199,0
1121769934076432385,"RT @ghdatascience: Introduction of Robotics and its applications by Ayorkor Korsah, PhD at  #indabaxghana 2019

#DataScience
#ghdatascience‚Ä¶",2019-04-26 13:36:08,Twitter for Android,0,9,140,0
1121769431263252480,"Speaking now is @KayO_GH on Deep Learning Fundamentals -- Architectures and Applications.
#indabaxghana #DataScience
#ghdatascience",2019-04-26 13:34:08,TweetDeck,2,0,131,0
1121762700646932480,"Introduction to Robotics and its applications¬†- Dr. Ayorkor Korsah 

My take home: A robot is basically a mechanical person

#indabaxghana #indabaX #ghdatascience https://t.co/iFOrJHRhv4",2019-04-26 13:07:23,Twitter for Android,1,0,186,0
1121760209830072321,"Introduction to Robotics and its applications¬†
By: Dr. Ayorkor Korsah

#indabaxghana #indabaX #ghdatascience https://t.co/yzofiVA738",2019-04-26 12:57:29,Twitter for Android,4,3,132,0
1121759931860963330,"RT @PlasmaDray: @shakir_za is taking us through the Introduction to Statistical Machine Learning and applications. 

#ghdatascience #indaba‚Ä¶",2019-04-26 12:56:23,Twitter for Android,0,3,140,0
1121759149459738624,"Keynote Address by Moustapha Cisse on Machine Learning and Artificial Intelligence-current state of research and applications in Africa and beyond. 

#indabaxghana
#DataScience
#ghdatascience https://t.co/JhBvt6oySf",2019-04-26 12:53:17,Twitter for Android,23,11,215,-1
1121757176249430016,"Introduction of Robotics and its applications by Ayorkor Korsah, PhD at  #indabaxghana 2019

#DataScience
#ghdatascience https://t.co/KA9HSQoarf",2019-04-26 12:45:26,Twitter for Android,36,9,144,0
1121755421939781632,"#indabaxghana #ghdatascience 
üíØORGANIC VERY EFFECTIVE WITH NO SIDE EFFECTS 
üëçWith Amazing Testimonies For Weight Loss And Reduce Of Bloatness In The Tummy.
üìûCall or üì±Whatsapp us on 0555262431 to place your order now #LFNKII #RYSENSHYNE #JoySMS #Skopatumana  Kumasi Stonebwoy https://t.co/7R6AaZwgrJ",2019-04-26 12:38:28,Twitter for iPhone,0,0,302,1
1121751710576279555,RT @ghdatascience: #ghdatascience #indabaxghana Deep Learning Indaba-@DeepIndaba Google- @Google Microsoft-  @Microsoft Wave2Analytics-@Wav‚Ä¶,2019-04-26 12:23:43,Twitter Web App,0,32,140,0
1121751015563436033,"RT @PlasmaDray: Ongoing is a talk on: Introduction to Robotics and its applications by Dr. Ayorkor Korsah
Cc; @Ashesi 
#indabaxghana #indab‚Ä¶",2019-04-26 12:20:57,Twitter for Android,0,1,140,0
1121750577019486214,How to we organise society such that every child has the opportunity to perform jobs that are more suitable to humans - Dr Ayorkor Korsah #GHDataScience #IndabaXGhana,2019-04-26 12:19:13,Twitter Web Client,0,2,166,1
1121749032999608320,RT @dezye1693: Data protection and connected Care: the provider and regulator perspective #ghdatascience #indabaxghana #Indaba2019 #bacegro‚Ä¶,2019-04-26 12:13:05,Twitter Web Client,0,7,140,0
1121742080257200128,"Ongoing is a talk on: Introduction to Robotics and its applications by Dr. Ayorkor Korsah
Cc; @Ashesi 
#indabaxghana #indabaX #ghdatascience",2019-04-26 11:45:27,TweetDeck,2,1,140,0
1121739926872166400,"#indabaxghana #ghdatascience 
üíØORGANIC VERY EFFECTIVE WITH NO SIDE EFFECTS 
üëçWith Amazing Testimonies For Weight Loss And Reduce Of Bloatness In The Tummy.
üìûCall or üì±Whatsapp us on 0555262431 to place your order now #LFNKII #RYSENSHYNE #JoySMS #Skopatumana  Kumasi Stonebwoy https://t.co/aWG9lWO2SD",2019-04-26 11:36:54,Twitter for iPhone,2,0,302,1
1121739610088980480,"Probability is sufficient for the task of reasoning under uncertainty -- @shakir_za 
#ghdatascience #indabaxghana #DeepLearning #datascience",2019-04-26 11:35:38,Twitter for Android,1,0,140,0
1121739561435049984,LATEST: Extremist leader in Sri Lanka‚Äôs attacks killed-https://t.co/ouGA4blatq #KwesiArthur #LFNKII #Untamed #MrEazi #joysms #indabaxghana #ghdatascience #Marvel #SouthAfrica #Walk https://t.co/USEdyCGvb5,2019-04-26 11:35:27,Twitter Web Client,1,0,204,1
1121737234145792002,"RT @PyGhana: Currently on-going: GHANA DATA SCIENCE SUMMIT 2019

INDABAX GHANA

Theme: The Promise Of Data Science For Economic Transformat‚Ä¶",2019-04-26 11:26:12,Twitter for iPhone,0,16,140,1
1121735514716086272,"RT @AsedaAD: @Moustapha_6C giving a keynote speech at the Ghana Data Science Summit (IndabaX Ghana)

#indabaxghana #ghdatascience https://t‚Ä¶",2019-04-26 11:19:22,Twitter for Android,0,4,140,0
1121735466355699712,"RT @PyGhana: Introduction to Statistical Machine Learning and applications - Shakir Mohamed, PhD

#indabaxghana #indabaX #ghdatascience htt‚Ä¶",2019-04-26 11:19:10,Twitter for Android,0,4,140,0
1121735065023676416,A great talk on Machine Learning by Shakir Mohammed @ghdatascience #ghdatascience #indabaxghana https://t.co/8XhpIdrduT,2019-04-26 11:17:34,Twitter for Android,4,0,119,1
1121733903486734336,"RT @Mickey_nova: Introduction to Statistical Machine Learning and applications:

Machine learning gives a pathway tool from principles to p‚Ä¶",2019-04-26 11:12:58,Twitter for Android,0,1,140,0
1121733097094090752,"RT @PyGhana: Introduction to Statistical Machine Learning and applications - Shakir Mohamed, PhD

#indabaxghana #indabaX #ghdatascience htt‚Ä¶",2019-04-26 11:09:45,Twitter Web Client,0,4,140,0
1121733018438254592,"RT @PyGhana: Day 2/3:
GHANA DATA SCIENCE SUMMIT 2019

INDABAX GHANA

Theme: The Promise Of Data Science For Economic Transformation.
#Indab‚Ä¶",2019-04-26 11:09:27,Twitter Web Client,0,5,140,1
1121732332459892737,Jailed Dariye's name among sponsors of bill on Kaduna killings-https://t.co/Y00EoIzVi2 #LFNKII #KwesiArthur #AishaHuang #Untamed #SouthAfrica #Walk #ghdatascience #indabaxghana #JoySMS https://t.co/qYYIf1pm4A,2019-04-26 11:06:43,Twitter Web Client,1,0,208,0
1121729542979301378,"Introduction to Statistical Machine Learning and applications:

Machine learning gives a pathway tool from principles to practice - Shakir Mohamed, PhD
@shakir_za

#indabaxghana #indabaX #ghdatascience https://t.co/1nAv3mMsNv",2019-04-26 10:55:38,Twitter for Android,2,1,225,0
1121729403950596096,"#indabaxghana #ghdatascience 
üíØORGANIC VERY EFFECTIVE WITH NO SIDE EFFECTS 
üëçWith Amazing Testimonies For Weight Loss And Reduce Of Bloatness In The Tummy.
üìûCall or üì±Whatsapp us on 0555262431 to place your order now #LFNKII #RYSENSHYNE #JoySMS #Skopatumana  Kumasi Stonebwoy https://t.co/JkcySRwFhW",2019-04-26 10:55:05,Twitter for iPhone,0,0,302,1
1121728035055652864,"We can have 2 streams of machine learning: Deep learning and Bayesian reasonings.
@shakir_za  
#ghdatascience #bacegroup #machinelearning #AI #DeepMind #indabaXghana #indaba2019 https://t.co/lEBWEuQ1vw",2019-04-26 10:49:38,Twitter for Android,5,1,201,0
1121727738488991744,"Introduction to Statistical Machine Learning and applications - Shakir Mohamed, PhD

#indabaxghana #indabaX #ghdatascience https://t.co/w7qxGCC3B4",2019-04-26 10:48:28,Twitter for Android,10,4,146,0
1121727457588072448,"RT @dezye1693: Today is going to be amazing. We are starting with @Moustapha_6C, lead of Google AI Center &amp; founder of #AIMS. He is talking‚Ä¶",2019-04-26 10:47:21,TweetDeck,0,5,144,1
1121727349999800320,"RT @dezye1693: Today is going to be amazing. We are starting with @Moustapha_6C, lead of Google AI Center &amp; founder of #AIMS. He is talking‚Ä¶",2019-04-26 10:46:55,Twitter for Android,0,5,144,1
1121727326138634240,"RT @dezye1693: ""#AMMI is the most selective Masters program in the world. "" Yann LeCun
@Moustapha_6C,  #AIMS #machinelearning #AI  @bacehq‚Ä¶",2019-04-26 10:46:49,Twitter for Android,0,3,139,1
1121727288549179394,RT @GeoffreyGone: Day 2 of the @ghdatascience underway. Keynote address from Moustapha Cisse. #ghdatascience #indabaxghana https://t.co/Epu‚Ä¶,2019-04-26 10:46:40,Twitter for Android,0,2,140,0
1121727275915984897,"RT @maaddae: Day 2 of #indabaxghana (ML &amp; AI) started with an amazing talk from Moustapha Cisse -- PhD, Head of @Google AI Center. 
#ghdata‚Ä¶",2019-04-26 10:46:37,Twitter for Android,0,1,144,1
1121727255431008256,"RT @PlasmaDray: @shakir_za is taking us through the Introduction to Statistical Machine Learning and applications. 

#ghdatascience #indaba‚Ä¶",2019-04-26 10:46:33,Twitter for Android,0,3,140,0
1121727055438254082,"RT @ghdatascience: Still on Moustapha Cisse.
Talk on AI

#indabaxghana
#DataScience
#Summit2019
#ghdatascience https://t.co/eMzTHfQokg http‚Ä¶",2019-04-26 10:45:45,Twitter for Android,0,6,140,0
1121727036203196418,"RT @AsedaAD: @Moustapha_6C giving a keynote speech at the Ghana Data Science Summit (IndabaX Ghana)

#indabaxghana #ghdatascience https://t‚Ä¶",2019-04-26 10:45:40,Twitter for Android,0,4,140,0
1121726900416675840,"@shakir_za  is introducing the statistical Machine learning and application.
#ghdatascience #bacegroup #machinelearning #AI #DeepMind #indabaXghana #indaba2019 @bacehq https://t.co/JKqQsNeQoT",2019-04-26 10:45:08,Twitter for Android,15,7,191,0
1121726295942074368,RT @dezye1693: Data analytics is transforming all aspects of lives globally. It's about time Ghana leverage on this --Winifred  Kotin from‚Ä¶,2019-04-26 10:42:44,Twitter for Android,0,9,139,0
1121724568790622209,Lawyer under EFCC custody over alleged N7m land scam-https://t.co/8lC3GYG3f1 #KwesiArthur #LFNKII #JoySMS #Untamed #Aisha #Imani #indabaxghana #ghdatascience #SouthAfrica https://t.co/xiN0HBTD6i,2019-04-26 10:35:52,Twitter Web Client,0,0,194,-1
1121724155588677633,If there was ever a sermon on #datascience and #machinelearning Shakir Mohamed Will be the preacher. #ghdatascience #IndabaXGhana https://t.co/RUyipToM4T,2019-04-26 10:34:13,Twitter for Android,3,0,153,-1
1121721630579781632,"RT @dezye1693: Some opportunities created in collaboration with local ecosystem to improve AI education in Africa...
@Moustapha_6C,  #AIMS‚Ä¶",2019-04-26 10:24:11,Machine Learning Digest,0,3,139,0
1121721330468933633,"RT @dezye1693: ""#AMMI is the most selective Masters program in the world. "" Yann LeCun
@Moustapha_6C,  #AIMS #machinelearning #AI  @bacehq‚Ä¶",2019-04-26 10:23:00,Machine Learning Digest,0,3,139,1
1121720726074068992,"Machine Learning is a linear regression - @Moustapha_6C 
#ghdatascience #indabaxghana",2019-04-26 10:20:36,TweetDeck,0,0,85,0
1121720524764262400,"RT @PlasmaDray: @shakir_za is taking us through the Introduction to Statistical Machine Learning and applications. 

#ghdatascience #indaba‚Ä¶",2019-04-26 10:19:48,Santchi App,0,3,140,0
1121720436864290817,"@shakir_za is taking us through the Introduction to Statistical Machine Learning and applications. 

#ghdatascience #indabaxghana",2019-04-26 10:19:27,TweetDeck,2,3,129,0
1121720410150703105,"Day 2 of #indabaxghana (ML &amp; AI) started with an amazing talk from Moustapha Cisse -- PhD, Head of @Google AI Center. 
#ghdatascience @ghdatascience",2019-04-26 10:19:20,Twitter for Android,2,1,152,1
1121720117853863936,RT @VincentAppiah74: Question of the day. What is machine learning? #ghdatascience #indabaxghana,2019-04-26 10:18:11,Santchi App,0,1,96,0
1121719983921344512,Question of the day. What is machine learning? #ghdatascience #indabaxghana,2019-04-26 10:17:39,Twitter for Android,1,1,75,0
1121719541355118593,"What is Machine Learning(ML)?
#ghdatascience #indabaxghana",2019-04-26 10:15:53,TweetDeck,0,0,58,0
1121719083148423168,"RT @SaintBarani: #ghdatascience¬† #indabaxghana

https://t.co/yG6GexE78T",2019-04-26 10:14:04,Twitter for Android,0,4,71,0
1121718983349219328,#ghdatascience learning from experts to become data scientist.,2019-04-26 10:13:40,Twitter for Android,0,0,62,0
1121718726762459136,"RT @bacehq: One of the product based of AI: https://t.co/3o4Kh8PazN
#ghdatascience #indabaX @Moustapha_6C @ghdatascience https://t.co/YOnG1‚Ä¶",2019-04-26 10:12:39,Twitter for Android,0,1,140,0
1121718596588253184,"One of the product based of AI: https://t.co/3o4Kh8PazN
#ghdatascience #indabaX @Moustapha_6C @ghdatascience https://t.co/YOnG1NTLDM",2019-04-26 10:12:08,Twitter for Android,2,1,132,0
1121718536194359296,"RT @gamelmag: ""The biggest impact of #AI is yet to happen."" @Moustapha_6C shares more on @GoogleAI Lab Ghana and @AIMS_Next #AMMI at #ghdat‚Ä¶",2019-04-26 10:11:54,Twitter Web App,0,3,140,1
1121718445106782208,"RT @ghdatascience: Still on Moustapha Cisse.
Talk on AI

#indabaxghana
#DataScience
#Summit2019
#ghdatascience https://t.co/eMzTHfQokg http‚Ä¶",2019-04-26 10:11:32,Twitter for Android,0,6,140,0
1121718237589323777,"RT @PlasmaDray: Solution = ML expertise + data + computation
#ghdatascience #indabaxghana",2019-04-26 10:10:43,Twitter for Android,0,1,89,0
1121718093707907073,"Up-next is a presentation on: 'We build together' by @shakir_za 
#ghdatascience #indabaxghana",2019-04-26 10:10:08,TweetDeck,0,0,93,0
1121717931417776128,#ghdatascience learning to become data scientist,2019-04-26 10:09:30,Twitter for Android,0,0,48,0
1121717912941809665,"RT @ghdatascience: Still on Moustapha Cisse.
Talk on AI

#indabaxghana
#DataScience
#Summit2019
#ghdatascience https://t.co/eMzTHfQokg http‚Ä¶",2019-04-26 10:09:25,Greetings Twitterverse,0,6,140,0
1121717775360249856,RT @dezye1693: Data analytics is transforming all aspects of lives globally. It's about time Ghana leverage on this --Winifred  Kotin from‚Ä¶,2019-04-26 10:08:52,Twitter for Android,0,9,139,0
1121717428399017984,"RT @gamelmag: ""The biggest impact of #AI is yet to happen."" @Moustapha_6C shares more on @GoogleAI Lab Ghana and @AIMS_Next #AMMI at #ghdat‚Ä¶",2019-04-26 10:07:30,Twitter for Android,0,3,140,1
1121717412586504193,"RT @dezye1693: Some opportunities created in collaboration with local ecosystem to improve AI education in Africa...
@Moustapha_6C,  #AIMS‚Ä¶",2019-04-26 10:07:26,Twitter for Android,0,3,139,0
1121717317958811648,"RT @dezye1693: With #machinelearning , we can predict the Mortality risk  24 hours in advance, giving more time to doctors to take action a‚Ä¶",2019-04-26 10:07:03,Twitter for Android,0,3,140,1
1121717068875882496,"RT @ghdatascience: Still on Moustapha Cisse.
Talk on AI

#indabaxghana
#DataScience
#Summit2019
#ghdatascience https://t.co/eMzTHfQokg http‚Ä¶",2019-04-26 10:06:04,Twitter for Android,0,6,140,0
1121717006317883392,"RT @ghdatascience: GHANA DATA SCIENCE SUMMIT 2019

INDABAX GHANA

Theme: The Promise Of Data Science For Economic Transformation.
#Indabaxg‚Ä¶",2019-04-26 10:05:49,Twitter Web App,0,3,140,1
1121715420971532288,"GHANA DATA SCIENCE SUMMIT 2019

INDABAX GHANA

Theme: The Promise Of Data Science For Economic Transformation.
#Indabaxghana #ghdatascience",2019-04-26 09:59:31,Twitter for Android,3,3,139,1
1121715398045573120,"RT @gamelmag: ""The biggest impact of #AI is yet to happen."" @Moustapha_6C shares more on @GoogleAI Lab Ghana and @AIMS_Next #AMMI at #ghdat‚Ä¶",2019-04-26 09:59:26,TweetDeck,0,3,140,1
1121715172102561793,"""The biggest impact of #AI is yet to happen."" @Moustapha_6C shares more on @GoogleAI Lab Ghana and @AIMS_Next #AMMI at #ghdatascience summit. #indabaxghana #Sci4D https://t.co/NIE1ih3SKX",2019-04-26 09:58:32,Twitter for Android,4,3,186,1
1121715116343484417,"Long road ahead but the future's exciting! - @Moustapha_6C
#ghdatascience #indabaxghana",2019-04-26 09:58:18,TweetDeck,1,1,87,1
1121714958356688896,"""#AMMI is the most selective Masters program in the world. "" Yann LeCun
@Moustapha_6C,  #AIMS #machinelearning #AI  @bacehq
 @GoogleAI @ghdatascience #ghdatascience #indabaX #indabaXghana #bacegroup #googleAI https://t.co/3q1Tu2Zvcj",2019-04-26 09:57:41,Twitter for Android,5,3,232,1
1121714460379570178,"Still on Moustapha Cisse.
Talk on AI

#indabaxghana
#DataScience
#Summit2019
#ghdatascience https://t.co/eMzTHfQokg https://t.co/3OVH9I8z0c",2019-04-26 09:55:42,Twitter for Android,11,6,139,0
1121714293718880256,"Some opportunities created in collaboration with local ecosystem to improve AI education in Africa...
@Moustapha_6C,  #AIMS #education #machinelearning #AI  @bacehq
 @GoogleAI @ghdatascience #ghdatascience #indabaX #indabaXghana #bacegroup #googleAI https://t.co/q2OEhYJvHE",2019-04-26 09:55:02,Twitter for Android,4,3,273,0
1121713322204774400,"How can we improve AI education in Africa? ü§î
@Moustapha_6C,  #AIMS #machinelearning #AI  @bacehq
 @GoogleAI @ghdatascience #ghdatascience #indabaX #indabaXghana #bacegroup #googleAI",2019-04-26 09:51:11,Twitter for Android,4,0,182,0
1121713273001467905,"RT @AsedaAD: @Moustapha_6C giving a keynote speech at the Ghana Data Science Summit (IndabaX Ghana)

#indabaxghana #ghdatascience https://t‚Ä¶",2019-04-26 09:50:59,TweetDeck,0,4,140,0
1121713216734806018,"RT @PyGhana: Day 2/3:
GHANA DATA SCIENCE SUMMIT 2019

INDABAX GHANA

Theme: The Promise Of Data Science For Economic Transformation.
#Indab‚Ä¶",2019-04-26 09:50:45,Twitter for Android,0,5,140,1
1121712931459207168,"@Moustapha_6C giving a keynote speech at the Ghana Data Science Summit (IndabaX Ghana)

#indabaxghana #ghdatascience https://t.co/m0DmOFftFy",2019-04-26 09:49:37,Twitter for Android,6,4,140,0
1121712820142444544,"In Africa we have more than +2000 natives languages.. Natural language is the opportunity to improve the access of information  , to create diversity and to facilitate echange between different countries. #AIMS #machinelearning #ghdatascience  #indabaXghana #bacegroup #googleAI",2019-04-26 09:49:11,Twitter for Android,3,0,278,1
1121711656269242368,"Predicting properties of molecules,  #AIMS #machinelearning #AI  @bacehq
 @GoogleAI @ghdatascience #ghdatascience #indabaX #machinelearning #indabaXghana #bacegroup #googleAI https://t.co/TSPMQKtAKT",2019-04-26 09:44:33,Twitter for Android,6,1,198,0
1121711258162606080,"Solution = ML expertise + data + computation
#ghdatascience #indabaxghana",2019-04-26 09:42:58,TweetDeck,0,1,73,0
1121709354879717376,#ghdatascience #bacegroup https://t.co/ANZhTWJwYi,2019-04-26 09:35:25,Twitter for Android,3,0,49,0
1121708897600004097,"RT @dezye1693: With #machinelearning , we can predict the Mortality risk  24 hours in advance, giving more time to doctors to take action a‚Ä¶",2019-04-26 09:33:36,TweetDeck,0,3,140,1
1121708835343933441,"RT @PyGhana: Day 2/3:
GHANA DATA SCIENCE SUMMIT 2019

INDABAX GHANA

Theme: The Promise Of Data Science For Economic Transformation.
#Indab‚Ä¶",2019-04-26 09:33:21,TweetDeck,0,5,140,1
1121708739944435712,"With #machinelearning , we can predict the Mortality risk  24 hours in advance, giving more time to doctors to take action and save lives.@Moustapha_6C,  #AIMS #machinelearning #AI  @bacehq
 @GoogleAI @ghdatascience #ghdatascience #indabaX #indabaXghana #bacegroup #googleAI",2019-04-26 09:32:58,Twitter for Android,4,3,274,1
1121708733640445952,"RT @dezye1693: Today is going to be amazing. We are starting with @Moustapha_6C, lead of Google AI Center &amp; founder of #AIMS. He is talking‚Ä¶",2019-04-26 09:32:57,TweetDeck,0,5,144,1
1121707535818526722,Introducing the Google AI center in Ghana @ghdatascience @indabaxghana #ghdatascience #indabaxghana,2019-04-26 09:28:11,Twitter for Android,1,0,99,-1
1121707196755128321,"RT @dezye1693: Today is going to be amazing. We are starting with @Moustapha_6C, lead of Google AI Center &amp; founder of #AIMS. He is talking‚Ä¶",2019-04-26 09:26:50,Twitter for Android,0,5,144,1
1121706924716843008,RT @PlasmaDray: @Moustapha_6C keynoting on: Machine learning and Artificial Intelligence - Current state of research and applications in Af‚Ä¶,2019-04-26 09:25:45,Twitter for Android,0,1,140,-1
1121706551675367424,"RT @dezye1693: Today is going to be amazing. We are starting with @Moustapha_6C, lead of Google AI Center &amp; founder of #AIMS. He is talking‚Ä¶",2019-04-26 09:24:16,Twitter for Android,0,5,144,1
1121706141686407174,"Today is going to be amazing. We are starting with @Moustapha_6C, lead of Google AI Center &amp; founder of #AIMS. He is talking about #machinelearning and #AI in Africa and behond. @bacehq
 @GoogleAI @ghdatascience #ghdatascience #indabaX #indabaXghana #bacegroup #googleAI https://t.co/Rz0GpWOyPI",2019-04-26 09:22:39,Twitter for Android,2,5,298,1
1121705930293501957,"Day 2/3:
GHANA DATA SCIENCE SUMMIT 2019

INDABAX GHANA

Theme: The Promise Of Data Science For Economic Transformation.
#Indabaxghana #ghdatascience",2019-04-26 09:21:48,Twitter for Android,11,5,148,1
1121705059056852992,"#GhanaDataScienceSummit Day 2
#ghdatascience #IndabaXGhana
AI: Current State and Perspectives - @Moustapha_6C  @GoogleAI Accra #AIMS",2019-04-26 09:18:21,Twitter for Android,1,0,132,0
1121704524694134784,"@joshkobeng @Moustapha_6C That's an opinion until he backs it with a data. We won't agree! 
#ghdatascience #indabaxghana",2019-04-26 09:16:13,TweetDeck,1,0,120,0
1121704396700700673,"Day 2:
Keynote: Moustapha Cisse, PhD

Machine learning and Artificial Intelligence ‚ÄîCurrent state of research and applications in Africa and beyond. 

#indabaxghana #ghdatascience",2019-04-26 09:15:43,Twitter for Android,0,0,179,-1
1121703978172129280,Day 2 of the @ghdatascience underway. Keynote address from Moustapha Cisse. #ghdatascience #indabaxghana https://t.co/Epuru77GPI,2019-04-26 09:14:03,Twitter for Android,0,2,128,0
1121703699389267968,"@Moustapha_6C keynoting on: Machine learning and Artificial Intelligence - Current state of research and applications in Africa and beyond.
 #ghdatascience #indabaxghana",2019-04-26 09:12:56,TweetDeck,2,1,169,-1
1121697353843511296,I am enjoying some cool African music from #ghdatascience. This leads to a cool data science presentation this morning.,2019-04-26 08:47:43,Twitter for Android,0,0,119,1
1121693122071629825,RT @ghdatascience: #ghdatascience #indabaxghana Deep Learning Indaba-@DeepIndaba Google- @Google Microsoft-  @Microsoft Wave2Analytics-@Wav‚Ä¶,2019-04-26 08:30:55,Twitter Web App,0,32,140,0
1121678558189875202,"Ghana Data Science summit Day#2.

 #ghdatascience  #indabaxghana https://t.co/Lq6IKsFQDx",2019-04-26 07:33:02,Facebook,0,0,88,0
1121652506419838978,"RT @Mickey_nova: Still on John Aidoo's talk:
Why is it important to properly manage your data? 
- unnecessary expense might be incurred
- v‚Ä¶",2019-04-26 05:49:31,Twitter for Android,0,10,140,0
1121650697491992576,"RT @PyGhana: Currently on-going: GHANA DATA SCIENCE SUMMIT 2019

INDABAX GHANA

Theme: The Promise Of Data Science For Economic Transformat‚Ä¶",2019-04-26 05:42:20,Twitter for Android,0,16,140,1
1121643962966503425,RT @ghdatascience: #ghdatascience #indabaxghana Deep Learning Indaba-@DeepIndaba Google- @Google Microsoft-  @Microsoft Wave2Analytics-@Wav‚Ä¶,2019-04-26 05:15:34,Twitter for Android,0,32,140,0
1121602872792244224,RT @ghdatascience: #ghdatascience #indabaxghana Deep Learning Indaba-@DeepIndaba Google- @Google Microsoft-  @Microsoft Wave2Analytics-@Wav‚Ä¶,2019-04-26 02:32:17,TweetDeck,0,32,140,0
1121567336299810816,RT @iotnetworkhub: #ghdatascience #indabaxghana Deep Learning Indaba-@DeepIndaba Google- @Google Microsoft-  @Microsoft Wave2Analytics-@Wav‚Ä¶,2019-04-26 00:11:05,jayeshthakur,0,7,140,0
1121538173396500480,"RT @PyGhana: Currently on-going: GHANA DATA SCIENCE SUMMIT 2019

INDABAX GHANA

Theme: The Promise Of Data Science For Economic Transformat‚Ä¶",2019-04-25 22:15:12,Twitter for Android,0,16,140,1
1121537989493035008,RT @ghdatascience: #ghdatascience #indabaxghana Deep Learning Indaba-@DeepIndaba Google- @Google Microsoft-  @Microsoft Wave2Analytics-@Wav‚Ä¶,2019-04-25 22:14:28,Twitter for Android,0,32,140,0
1121537886854291456,RT @ghdatascience: #ghdatascience #indabaxghana Deep Learning Indaba-@DeepIndaba Google- @Google Microsoft-  @Microsoft Wave2Analytics-@Wav‚Ä¶,2019-04-25 22:14:04,Twitter for Android,0,32,140,0
1121537506988756992,RT @ghdatascience: #ghdatascience #indabaxghana Deep Learning Indaba-@DeepIndaba Google- @Google Microsoft-  @Microsoft Wave2Analytics-@Wav‚Ä¶,2019-04-25 22:12:33,Twitter for Android,0,32,140,0
1121531668760809475,"RT @Mickey_nova: When setting up a team, diversity from various backgrounds bring more perspective to the team - John Aidoo

#ghdatascience‚Ä¶",2019-04-25 21:49:21,Twitter for Android,0,6,140,1
1121531069684244480,"RT @Mickey_nova: Predictive Analytics in Healthcare:

Design is one of the most important aspect of a study and perhaps the most neglected.‚Ä¶",2019-04-25 21:46:58,Twitter Web Client,0,10,140,1
1121527528521388032,RT @ghdatascience: #ghdatascience #indabaxghana Deep Learning Indaba-@DeepIndaba Google- @Google Microsoft-  @Microsoft Wave2Analytics-@Wav‚Ä¶,2019-04-25 21:32:54,Twitter for Android,0,32,140,0
1121527484590194693,RT @iotnetworkhub: #ghdatascience #indabaxghana Deep Learning Indaba-@DeepIndaba Google- @Google Microsoft-  @Microsoft Wave2Analytics-@Wav‚Ä¶,2019-04-25 21:32:43,Twitter for Android,0,7,140,0
1121524097798766599,More data science filla tomorrow #ghdatascience #indabaxghana,2019-04-25 21:19:16,Twitter for Android,0,0,61,1
1121518628476682249,RT @gamelmag: The highlight of my day was meeting @DaniCMBelg at #ghdatascience summit. There's no doubt that applying data analytics boy h‚Ä¶,2019-04-25 20:57:32,Twitter for Android,0,1,140,0
1121516802385879041,RT @ghdatascience: #ghdatascience #indabaxghana Deep Learning Indaba-@DeepIndaba Google- @Google Microsoft-  @Microsoft Wave2Analytics-@Wav‚Ä¶,2019-04-25 20:50:17,Twitter for Android,0,32,140,0
1121515163704811522,RT @iotnetworkhub: #ghdatascience #indabaxghana Deep Learning Indaba-@DeepIndaba Google- @Google Microsoft-  @Microsoft Wave2Analytics-@Wav‚Ä¶,2019-04-25 20:43:46,Twitter for Android,0,7,140,0
1121514555040051200,The highlight of my day was meeting @DaniCMBelg at #ghdatascience summit. There's no doubt that applying data analytics boy healthcare will yield massive impacts for humanity. #Indabaxghana,2019-04-25 20:41:21,Twitter for Android,3,1,189,0
1121513180709249024,RT @ghdatascience: #ghdatascience¬† #indabaxghana https://t.co/NX3bok4tqB,2019-04-25 20:35:53,Twitter for Android,0,3,72,0
1121512438309031936,"RT @PyGhana: Currently on-going: GHANA DATA SCIENCE SUMMIT 2019

INDABAX GHANA

Theme: The Promise Of Data Science For Economic Transformat‚Ä¶",2019-04-25 20:32:56,Twitter for Android,0,16,140,1
1121511477050060800,"RT @PlasmaDray: Without data you're just another person with an opinion - W. Edwards Deming
#indabaxghana #ghdatascience",2019-04-25 20:29:07,Twitter for Android,0,3,120,0
1121510730694479872,RT @dezye1693: Data protection and connected Care: the provider and regulator perspective #ghdatascience #indabaxghana #Indaba2019 #bacegro‚Ä¶,2019-04-25 20:26:09,auto is the only way it can be ,0,7,140,0
1121510425437274116,"RT @Mickey_nova: Winifred Kotin Keynote: The promise of Data Science for Economic Transformation. 
#indabaxghana #ghdatascience",2019-04-25 20:24:56,Twitter Web Client,0,1,127,1
1121510371548909568,RT @dezye1693: Data analytics is transforming all aspects of lives globally. It's about time Ghana leverage on this --Winifred  Kotin from‚Ä¶,2019-04-25 20:24:43,Twitter Web Client,0,9,139,0
1121510265500123136,"RT @PlasmaDray: Who has the Data has the Power -  Tim O'Reilly
#indabaxghana #ghdatascience",2019-04-25 20:24:18,Twitter Web Client,0,2,91,0
1121510244629217281,"RT @PlasmaDray: Without data you're just another person with an opinion - W. Edwards Deming
#indabaxghana #ghdatascience",2019-04-25 20:24:13,Twitter Web Client,0,3,120,0
1121510060310528000,"RT @naakaisa: Curiosity is key to the success of every Data Science career  - John Aidoo(@Central_Ins) on Data Management @ghdatascience

G‚Ä¶",2019-04-25 20:23:29,Twitter Web Client,0,3,140,1
1121510002693419009,"RT @SolomonIgori: Day 1 of the Ghana Data Summit
The Promise of Data Science for Economic Transformation. 
Insightful sessions and wonderfu‚Ä¶",2019-04-25 20:23:15,Twitter Web Client,0,1,140,1
1121509917570027520,"RT @dezye1693: lunch time - Networking time üòâ
#ghdatascience #indabaX https://t.co/DFgIzuA8DG",2019-04-25 20:22:55,Twitter Web Client,0,1,94,0
1121509836817092610,RT @dezye1693: Florence Nightingale: A Data Pioneer https://t.co/IaIU5cnCSl #ghdatascience #indabaX #WomenInTheLead  #bacegroup #HealthTech‚Ä¶,2019-04-25 20:22:36,Twitter Web Client,0,1,140,0
1121509731070300162,RT @VincentAppiah74: Machine Learning is an essential component of quality healthcare delivery #ghdatascience #indabaxghana @ghdatascience,2019-04-25 20:22:11,Twitter Web Client,0,1,138,0
1121509683020300289,RT @adk_Spence: Great presentation by @DaniCMBelg on building successful pipelines for predictive analytics in healthcare. Total takeaway f‚Ä¶,2019-04-25 20:21:59,Twitter Web Client,0,3,140,1
1121509613487128578,RT @audreylovesGod: All about data #ghdatascience #IndabaXGhana https://t.co/XpYhwzmqn6,2019-04-25 20:21:43,Twitter Web Client,0,1,87,0
1121509556109099008,"RT @maaddae: No matter how good an algorithm is, if the study design is inadequate (garbage in) for answering the research question, we'll‚Ä¶",2019-04-25 20:21:29,Twitter Web Client,0,3,139,1
1121509518075211777,"RT @ghdatascience: Business Analytics. By Isaac Aidoo ( Head of Customer Analytic,Zoona)

#ghdatascience #indabaxghana https://t.co/n17ml54‚Ä¶",2019-04-25 20:21:20,Twitter Web Client,0,6,140,0
1121509476484485121,RT @maaddae: In building a data science team you don't need all members to be statistician rather multi-disciplinary background is better.‚Ä¶,2019-04-25 20:21:10,Twitter Web Client,0,4,139,1
1121509405223157760,"RT @Mickey_nova: Predictive Analytics in Healthcare:

Design is one of the most important aspect of a study and perhaps the most neglected.‚Ä¶",2019-04-25 20:20:53,Twitter Web Client,0,10,140,1
1121509345492185088,RT @dezye1693: Data protection and connected Care: the provider and regulator perspective #ghdatascience #indabaxghana #Indaba2019 #bacegro‚Ä¶,2019-04-25 20:20:39,Twitter Web Client,0,7,140,0
1121509278429347841,"RT @PlasmaDray: About to present is @DaniCMBelg on ' Predictive Analytics in Healthcare: Building Successful Pipelines' 
#indabaxghana #ghd‚Ä¶",2019-04-25 20:20:23,Twitter Web Client,0,2,140,1
1121509232799621120,"RT @PlasmaDray: Job Creation Required skills:
1. Predictive Analytics
2. Artificial Intelligence
3. Machine Learning
4. Customer Insights
5‚Ä¶",2019-04-25 20:20:12,Twitter Web Client,0,21,140,-1
1121509183428415489,"RT @PyGhana: Currently on-going: GHANA DATA SCIENCE SUMMIT 2019

INDABAX GHANA

Theme: The Promise Of Data Science For Economic Transformat‚Ä¶",2019-04-25 20:20:00,Twitter Web Client,0,16,140,1
1121505321493700608,RT @_prudiee: #indabaxghana #ghdatascience @AsedaAD https://t.co/qxGR7iHSGw,2019-04-25 20:04:39,Twitter for Android,0,4,75,0
1121503611765309440,"RT @PyGhana: Currently on-going: GHANA DATA SCIENCE SUMMIT 2019

INDABAX GHANA

Theme: The Promise Of Data Science For Economic Transformat‚Ä¶",2019-04-25 19:57:52,Twitter for Android,0,16,140,1
1121503542727061506,RT @ghdatascience: #ghdatascience #indabaxghana Deep Learning Indaba-@DeepIndaba Google- @Google Microsoft-  @Microsoft Wave2Analytics-@Wav‚Ä¶,2019-04-25 19:57:35,Twitter for Android,0,32,140,0
1121503523575824384,"RT @PlasmaDray: Job Creation Required skills:
1. Predictive Analytics
2. Artificial Intelligence
3. Machine Learning
4. Customer Insights
5‚Ä¶",2019-04-25 19:57:31,Twitter for Android,0,21,140,-1
1121503365979095044,"RT @ghdatascience: A Practical Exposition of Data Science in the Retail Marketing and Financial services. By Delali Agbenyegah.

#ghdatasci‚Ä¶",2019-04-25 19:56:53,Twitter for Android,0,5,140,0
1121503346727235585,"RT @ghdatascience: Principals of Causality
#ghdatascience #indabaxghana Deep Learning Indaba-@DeepIndaba Google-@Google Microsoft-  @Micros‚Ä¶",2019-04-25 19:56:49,Twitter for Android,0,5,140,0
1121502039387906054,"RT @SaintBarani: #ghdatascience¬† #indabaxghana

https://t.co/yG6GexE78T",2019-04-25 19:51:37,Twitter for Android,0,4,71,0
1121501040929640449,"RT @PlasmaDray: Job Creation Required skills:
1. Predictive Analytics
2. Artificial Intelligence
3. Machine Learning
4. Customer Insights
5‚Ä¶",2019-04-25 19:47:39,Twitter for Android,0,21,140,-1
1121500986915291139,RT @iotnetworkhub: #ghdatascience #indabaxghana Deep Learning Indaba-@DeepIndaba Google- @Google Microsoft-  @Microsoft Wave2Analytics-@Wav‚Ä¶,2019-04-25 19:47:26,Twitter for Android,0,7,140,0
1121500960977817600,"RT @maaddae: No matter how good an algorithm is, if the study design is inadequate (garbage in) for answering the research question, we'll‚Ä¶",2019-04-25 19:47:20,Twitter for Android,0,3,139,1
1121500728638439425,"RT @PyGhana: Currently on-going: GHANA DATA SCIENCE SUMMIT 2019

INDABAX GHANA

Theme: The Promise Of Data Science For Economic Transformat‚Ä¶",2019-04-25 19:46:24,Twitter for Android,0,16,140,1
1121500560119799809,"RT @ghdatascience: presentation on Data Science in the Retail Marketing and Financial services by Delali Agbenyegah. 

#ghdatascience #inda‚Ä¶",2019-04-25 19:45:44,Twitter for Android,0,6,140,0
1121500378422501379,"RT @PlasmaDray: Job Creation Required skills:
1. Predictive Analytics
2. Artificial Intelligence
3. Machine Learning
4. Customer Insights
5‚Ä¶",2019-04-25 19:45:01,Twitter for Android,0,21,140,-1
1121500337012129793,"RT @PlasmaDray: About to present is @DaniCMBelg on ' Predictive Analytics in Healthcare: Building Successful Pipelines' 
#indabaxghana #ghd‚Ä¶",2019-04-25 19:44:51,Twitter for Android,0,2,140,1
1121480811310714881,"RT @ghdatascience: Retail case study. 
#ghdatascience #indabaxghana https://t.co/Z2z8pZvR0c",2019-04-25 18:27:16,Twitter for Android,0,3,91,0
1121480787550003200,"üíØORGANIC VERY EFFECTIVE WITH NO SIDE EFFECTS 
üëçWith Amazing Testimonies For Weight Loss And Reduce Of Bloatness In The Tummy.
üìûCall or üì±Whatsapp us on 0555262431 to place your order
#AfricanHistoryClass #TaxiDriverShow #SWIFTHoops #ghdatascience #MGTechFest #puredrive Accra https://t.co/K0emKtve3B",2019-04-25 18:27:10,Twitter for iPhone,0,0,302,1
1121467889171804160,"RT @maaddae: No matter how good an algorithm is, if the study design is inadequate (garbage in) for answering the research question, we'll‚Ä¶",2019-04-25 17:35:55,Twitter for Android,0,3,139,1
1121465594052849664,RT @ghdatascience: #ghdatascience #indabaxghana Deep Learning Indaba-@DeepIndaba Google- @Google Microsoft-  @Microsoft Wave2Analytics-@Wav‚Ä¶,2019-04-25 17:26:48,Twitter for Android,0,17,140,0
1121463047418208256,"üíØORGANIC VERY EFFECTIVE WITH NO SIDE EFFECTS 
üëçWith Amazing Testimonies For Weight Loss And Reduce Of Bloatness In The Tummy.
üìûCall or üì±Whatsapp us on 0555262431 to place your order
#AfricanHistoryClass #TaxiDriverShow #SWIFTHoops #ghdatascience #MGTechFest Ghana Accra Mall https://t.co/SDLrrWhA4H",2019-04-25 17:16:40,Twitter for iPhone,0,0,302,1
1121454964637937665,"Happy international Girl Day in ICTüéâüéâüéâ
Today we are talking about the promise of data science for economic transformation...
 #ghdatascience #indabaX #AI #bacegroup 
 #indabaX2019 #indababa2019 #iwd2019 ‚Äî... https://t.co/BV6fAgTTiH",2019-04-25 16:44:33,Facebook,3,0,234,1
1121452107935158272,RT @dezye1693: Data protection and connected Care: the provider and regulator perspective #ghdatascience #indabaxghana #Indaba2019 #bacegro‚Ä¶,2019-04-25 16:33:12,Twitter for Android,0,7,140,0
1121451995586539521,"RT @ghdatascience: Principals of Causality
#ghdatascience #indabaxghana Deep Learning Indaba-@DeepIndaba Google-@Google Microsoft-  @Micros‚Ä¶",2019-04-25 16:32:45,Twitter for Android,0,5,140,0
1121451716694638599,RT @ghdatascience: #ghdatascience¬† #indabaxghana https://t.co/NX3bok4tqB,2019-04-25 16:31:39,Twitter for Android,0,3,72,0
1121450603220217856,RT @ghdatascience: #ghdatascience #indabaxghana Deep Learning Indaba-@DeepIndaba Google- @Google Microsoft-  @Microsoft Wave2Analytics-@Wav‚Ä¶,2019-04-25 16:27:14,Twitter Web App,0,32,140,0
1121450595783725057,#ghdatascience¬† #indabaxghana https://t.co/NX3bok4tqB,2019-04-25 16:27:12,Twitter for Android,10,3,53,0
1121449443109347328,"RT @ghdatascience: presentation on Data Science in the Retail Marketing and Financial services by Delali Agbenyegah. 

#ghdatascience #inda‚Ä¶",2019-04-25 16:22:37,Twitter Web Client,0,6,140,0
1121446259078963201,RT @adk_Spence: Great presentation by @DaniCMBelg on building successful pipelines for predictive analytics in healthcare. Total takeaway f‚Ä¶,2019-04-25 16:09:58,TweetDeck,0,3,140,1
1121446187033354245,"RT @ghdatascience: presentation on Data Science in the Retail Marketing and Financial services by Delali Agbenyegah. 

#ghdatascience #inda‚Ä¶",2019-04-25 16:09:41,TweetDeck,0,6,140,0
1121446157916475394,"RT @ghdatascience: Retail case study. 
#ghdatascience #indabaxghana https://t.co/Z2z8pZvR0c",2019-04-25 16:09:34,TweetDeck,0,3,91,0
1121443969953607681,JUST IN: Osinbajo led FEC approves N52bn for border monitoring- https://t.co/ZgYoze3KgH #Hazard #Pogba #Kaka #WorldMalariaDay #Alisson #indabaxghana #ghdatascience https://t.co/YgDNL9IZWu,2019-04-25 16:00:52,Twitter Web Client,2,0,187,0
1121443816274374657,All about data #ghdatascience #IndabaXGhana https://t.co/XpYhwzmqn6,2019-04-25 16:00:15,Twitter for iPhone,9,1,67,0
1121443582697725952,"#TheJamesAndKatahShow  #MGTechFest #SHUGA #indabaxghana #SWIFThoops  #Shuga #ghdatascience
üíØORGANIC VERY EFFECTIVE WITH NO SIDE EFFECTS 

With Amazing Testimonies For Weight Loss And Reduce Of Bloatness In The Tummy.

üìûCall or üì±Whatsapp us on 0555262431 to place your order https://t.co/8jQZvGSzmL",2019-04-25 15:59:20,Twitter for iPhone,0,0,300,1
1121443495355518980,Jailed Dariye's name among sponsors of bill on Kaduna killings- https://t.co/Y00EoIzVi2 #Hazard #Pogba #Kaka #WorldMalariaDay #Indabaxghana #Allison #ghdatascience https://t.co/PNuvmgFF7u,2019-04-25 15:58:59,Twitter Web Client,1,0,187,0
1121438931051012097,"RT @dezye1693: Today we are talking about the promise of data science for economic transformation...
 #ghdatascience #indabaX #AI #bacegrou‚Ä¶",2019-04-25 15:40:51,Calcaware,0,3,140,1
1121438855125716999,"RT @dezye1693: Today we are talking about the promise of data science for economic transformation...
 #ghdatascience #indabaX #AI #bacegrou‚Ä¶",2019-04-25 15:40:33,Twitter for Android,0,3,140,1
1121438855121575939,"RT @ghdatascience: presentation on Data Science in the Retail Marketing and Financial services by Delali Agbenyegah. 

#ghdatascience #inda‚Ä¶",2019-04-25 15:40:33,Twitter for Android,0,6,140,0
1121438845092888578,"RT @dezye1693: Some of the works done by students and expert from #AIMS &amp; Ghana space science...
#ghdatascience #bacegroup #indabaxghana #I‚Ä¶",2019-04-25 15:40:30,Twitter for Android,0,6,144,0
1121438836414984193,RT @ghdatascience: #ghdatascience #indabaxghana Deep Learning Indaba-@DeepIndaba Google- @Google Microsoft-  @Microsoft Wave2Analytics-@Wav‚Ä¶,2019-04-25 15:40:28,Twitter for Android,0,32,140,0
1121438004977991680,"Retail case study. 
#ghdatascience #indabaxghana https://t.co/Z2z8pZvR0c",2019-04-25 15:37:10,Twitter for Android,15,3,72,0
